,,,,,,,,,,,,Odds Portal,,,"Pinnacle odds until April 2, 2018.  bet365  odds from then on",,,,,,,,,,,,,,,,,,,,,,,,,,,,,,,,,,,,
Date,Kick Off (local),Home Team,Away Team,Venue,Home Score,Away Score,Play Off Game?,Home Goals,Home Behinds,Away Goals,Away Behinds,Home Odds,Away Odds,Bookmakers Surveyed,Home Odds Open,Home Odds Min,Home Odds Max,Home Odds Close,Away Odds Open,Away Odds Min,Away Odds Max,Away Odds Close,Home Line Open,Home Line Min,Home Line Max,Home Line Close,Away Line Open,Away Line Min,Away Line Max,Away Line Close,Home Line Odds Open,Home Line Odds Min,Home Line Odds Max,Home Line Odds Close,Away Line Odds Open,Away Line Odds Min,Away Line Odds Max,Away Line Odds Close,Total Score Open,Total Score Min,Total Score Max,Total Score Close,Total Score Over Open,Total Score Over Min,Total Score Over Max,Total Score Over Close,Total Score Under Open,Total Score Under Min,Total Score Under Max,Total Score Under Close,Notes
25-Aug-19,16:10,Port Adelaide,Fremantle,Adelaide Oval,110,67,,15,20,10,7, 1.27 , 3.77 ,9,1.36,1.27,1.38,1.27,3.20,3.20,4.00,4.00,-22.5,-27.5,-17.5,-27.5,22.5,17.5,27.5,27.5,1.91,1.91,1.91,1.91,1.91,1.91,1.91,1.91,154.5,154.5,168.5,168.5,1.89,1.89,1.82,1.82,1.89,1.89,2.00,2.00,
25-Aug-19,15:20,Richmond,Brisbane,MCG,82,55,,12,10,8,7, 1.34 , 3.20 ,9,1.36,1.36,1.44,1.36,3.20,2.80,3.30,3.30,-18.5,-20.5,-14.5,-20.5,18.5,14.5,20.5,20.5,1.91,1.91,1.91,1.91,1.91,1.91,1.91,1.91,158.5,158.5,163.5,163.5,1.89,1.89,1.91,1.91,1.89,1.89,1.91,1.91,
25-Aug-19,13:10,Western Bulldogs,Adelaide,Mars Stadium,121,87,,18,13,13,9, 1.34 , 3.21 ,9,1.54,1.30,1.54,1.35,2.50,2.50,3.60,3.35,-11.5,-18.5,-11.5,-17.5,11.5,11.5,18.5,17.5,1.91,1.91,1.91,1.91,1.91,1.91,1.91,1.91,161.5,161.5,167.5,167.5,1.89,1.89,1.91,1.91,1.89,1.89,1.91,1.91,
24-Aug-19,18:10,West Coast,Hawthorn,Optus Stadium,67,105,,9,13,16,9, 1.24 , 4.02 ,9,1.22,1.20,1.24,1.24,4.35,4.20,4.60,4.25,-29.5,-29.5,-26.5,-26.5,29.5,26.5,29.5,26.5,1.91,1.91,1.91,1.91,1.91,1.91,1.91,1.91,159.5,157.5,159.5,157.5,1.89,1.91,1.91,1.91,1.89,1.91,1.91,1.91,
24-Aug-19,19:25,Gold Coast,GWS Giants,Metricon Stadium,55,127,,7,13,20,7, 8.81 , 1.07 ,9,11.00,9.50,12.00,10.00,1.04,1.03,1.07,1.07,47.5,42.5,50.5,42.5,-47.5,-50.5,-42.5,-42.5,1.91,1.91,1.91,1.91,1.91,1.91,1.91,1.91,170.5,170.5,175.5,175.5,1.89,1.89,1.91,1.91,1.89,1.89,1.91,1.91,
24-Aug-19,16:35,Geelong,Carlton,GMHBA Stadium,129,61,,19,15,8,13, 1.15 , 5.32 ,9,1.12,1.12,1.18,1.15,6.25,5.00,6.25,6.00,-34.5,-34.5,-30.5,-32.5,34.5,30.5,34.5,32.5,1.91,1.91,1.91,1.91,1.91,1.91,1.91,1.91,158.5,156.5,158.5,156.5,1.89,1.89,1.89,1.91,1.89,1.89,1.89,1.91,
24-Aug-19,14:10,North Melbourne,Melbourne,Blundstone Arena,88,83,,13,10,12,11, 1.26 , 3.81 ,9,1.42,1.25,1.42,1.27,2.90,2.90,4.00,4.00,-15.5,-25.5,-15.5,-24.5,15.5,15.5,25.5,24.5,1.91,1.91,1.91,1.91,1.91,1.91,1.91,1.91,172.5,167.5,172.5,168.5,1.89,1.89,1.89,1.87,1.89,1.89,1.89,1.95,
24-Aug-19,13:45,Sydney,St Kilda,SCG,109,64,,17,7,8,16, 1.36 , 3.14 ,8,1.50,1.36,1.50,1.36,2.60,2.60,3.30,3.30,-11.5,-18.5,-11.5,-18.5,11.5,11.5,18.5,18.5,1.91,1.91,1.91,1.91,1.91,1.91,1.91,1.91,163.5,163.5,174.5,173.5,1.89,1.89,1.91,1.95,1.89,1.89,1.91,1.87,
23-Aug-19,19:50,Collingwood,Essendon,MCG,76,65,,10,16,10,5, 1.19 , 4.65 ,9,1.56,1.18,1.56,1.18,2.45,2.45,5.20,5.20,-10.5,-31.5,-10.5,-31.5,10.5,10.5,31.5,31.5,1.89,1.91,1.89,1.91,1.93,1.93,1.91,1.91,154.5,154.5,157.5,156.5,1.89,1.89,1.91,1.91,1.89,1.89,1.91,1.91,
18-Aug-19,16:40,Hawthorn,Gold Coast,Marvel Stadium,118,48,,18,10,7,6, 1.02 , 13.29 ,9,1.14,1.03,1.14,1.03,5.75,5.75,15.00,15.00,-34.5,-57.5,-34.5,-57.5,34.5,34.5,57.5,57.5,1.91,1.91,1.91,1.91,1.91,1.91,1.91,1.91,165.5,165.5,167.5,165.5,1.89,1.89,1.91,1.91,1.89,1.89,1.91,1.91,
18-Aug-19,15:20,GWS Giants,Western Bulldogs,Giants Stadium,65,126,,9,11,19,12, 1.69 , 2.15 ,9,1.40,1.40,1.75,1.72,3.00,2.10,3.00,2.18,-16.5,-16.5,-4.5,-5.5,16.5,4.5,16.5,5.5,1.91,1.91,1.91,1.91,1.91,1.91,1.91,1.91,161.5,160.5,161.5,160.5,1.89,1.89,1.91,1.91,1.89,1.89,1.91,1.91,
18-Aug-19,13:10,Richmond,West Coast,MCG,88,82,,13,10,13,4, 1.55 , 2.44 ,9,1.52,1.52,1.58,1.54,2.55,2.40,2.55,2.55,-11.5,-11.5,-9.5,-10.5,11.5,9.5,11.5,10.5,1.91,1.91,1.91,1.91,1.91,1.91,1.91,1.91,154.5,150.5,154.5,150.5,1.89,1.89,1.89,1.91,1.89,1.89,1.89,1.91,
17-Aug-19,18:10,Fremantle,Essendon,Optus Stadium,55,87,,7,13,13,9, 1.61 , 2.29 ,9,1.97,1.47,1.97,1.60,1.85,1.85,2.70,2.40,1.5,-14.5,1.5,-9.5,-1.5,-1.5,14.5,9.5,1.91,1.91,1.91,1.91,1.91,1.91,1.91,1.91,154.5,154.5,156.5,156.5,1.89,1.89,1.91,1.91,1.89,1.89,1.91,1.91,
17-Aug-19,19:25,North Melbourne,Port Adelaide,Marvel Stadium,144,58,,22,12,8,10, 2.09 , 1.73 ,9,1.68,1.68,2.18,2.18,2.20,1.72,2.20,1.72,-6.5,-6.5,5.5,5.5,6.5,-5.5,6.5,-5.5,1.91,1.91,1.91,1.91,1.91,1.91,1.91,1.91,167.5,164.5,167.5,165.5,1.89,1.89,1.89,1.91,1.89,1.89,1.89,1.91,
17-Aug-19,16:35,Adelaide,Collingwood,Adelaide Oval,48,114,,6,12,17,12, 1.64 , 2.26 ,9,1.80,1.60,1.82,1.63,2.02,2.00,2.40,2.35,-2.5,-9.5,-2.5,-8.5,2.5,2.5,9.5,8.5,1.91,1.91,1.91,1.91,1.91,1.91,1.91,1.91,159.5,158.5,159.5,158.5,1.89,1.91,1.91,1.91,1.89,1.91,1.91,1.91,
17-Aug-19,14:10,Brisbane,Geelong,Gabba,75,74,,10,15,10,14, 1.68 , 2.18 ,9,1.85,1.68,1.85,1.68,1.97,1.97,2.25,2.25,-1.5,-7.5,-1.5,-7.5,1.5,1.5,7.5,7.5,1.91,1.91,1.91,1.91,1.91,1.91,1.91,1.91,167.5,166.5,172.5,172.5,1.89,1.89,1.91,1.91,1.89,1.89,1.91,1.91,
17-Aug-19,13:45,Carlton,St Kilda,MCG,78,68,,11,12,10,8, 1.98 , 1.81 ,8,1.80,1.80,2.02,2.02,2.02,1.83,2.02,1.83,-2.5,-2.5,2.5,2.5,2.5,-2.5,2.5,-2.5,1.91,1.91,1.91,1.91,1.91,1.91,1.91,1.91,162.5,161.5,163.5,163.5,1.89,1.89,1.91,1.91,1.89,1.89,1.91,1.91,
16-Aug-19,19:50,Melbourne,Sydney,MCG,42,95,,5,12,15,5, 1.69 , 2.15 ,9,1.91,1.70,1.91,1.70,1.91,1.91,2.22,2.22,-0.5,-5.5,-0.5,-5.5,0.5,0.5,5.5,5.5,1.91,1.91,1.95,1.91,1.91,1.87,1.91,1.91,150.5,150.5,154.5,150.5,1.89,1.89,1.91,1.91,1.89,1.89,1.91,1.91,
11-Aug-19,14:40,West Coast,Adelaide,Optus Stadium,90,80,,13,12,12,8, 1.18 , 4.87 ,9,1.22,1.17,1.25,1.17,4.35,4.00,5.40,5.40,-27.5,-31.5,-25.5,-31.5,27.5,25.5,31.5,31.5,1.91,1.91,1.91,1.91,1.91,1.91,1.91,1.91,166.5,166.5,167.5,167.5,1.89,1.89,1.91,1.87,1.89,1.89,1.95,1.95,
11-Aug-19,15:20,Richmond,Carlton,MCG,73,45,,11,7,6,9, 1.20 , 4.56 ,9,1.12,1.12,1.24,1.20,6.25,4.20,6.25,4.80,-37.5,-37.5,-24.5,-26.5,37.5,24.5,37.5,26.5,1.91,1.91,1.91,1.91,1.91,1.91,1.91,1.91,156.5,153.5,156.5,153.5,1.89,1.89,1.89,1.91,1.89,1.89,1.89,1.91,
11-Aug-19,13:10,St Kilda,Fremantle,Marvel Stadium,72,69,,10,12,10,9, 1.48 , 2.63 ,8,1.72,1.48,1.78,1.48,2.15,2.05,2.75,2.75,-5.5,-14.5,-3.5,-14.5,5.5,3.5,14.5,14.5,1.91,1.91,1.91,1.91,1.91,1.91,1.91,1.91,165.5,165.5,166.5,166.5,1.89,1.89,1.91,1.91,1.89,1.89,1.91,1.91,
10-Aug-19,19:25,Essendon,Western Bulldogs,Marvel Stadium,33,137,,4,9,21,11, 2.21 , 1.65 ,9,1.58,1.58,2.30,2.25,2.40,1.65,2.40,1.68,-9.5,-9.5,8.5,7.5,9.5,-8.5,9.5,-7.5,1.91,1.91,1.91,1.91,1.91,1.91,1.91,1.91,163.5,163.5,166.5,166.5,1.89,1.89,1.91,1.91,1.89,1.89,1.91,1.91,
10-Aug-19,19:25,Geelong,North Melbourne,GMHBA Stadium,69,14,,9,15,1,8, 1.32 , 3.35 ,9,1.22,1.22,1.35,1.33,4.35,3.25,4.35,3.50,-27.5,-27.5,-20.5,-20.5,27.5,20.5,27.5,20.5,1.91,1.91,1.91,1.91,1.91,1.91,1.91,1.91,152.5,144.5,152.5,144.5,1.89,1.95,1.89,1.95,1.89,1.87,1.89,1.87,
10-Aug-19,16:35,Brisbane,Gold Coast,Gabba,144,53,,22,12,8,5, 1.02 , 13.35 ,9,1.04,1.03,1.05,1.03,11.00,10.00,15.00,15.00,-49.5,-58.5,-47.5,-58.5,49.5,47.5,58.5,58.5,1.91,1.91,1.91,1.91,1.91,1.91,1.91,1.91,175.5,175.5,179.5,178.5,1.89,1.89,1.91,1.91,1.89,1.89,1.91,1.91,
10-Aug-19,13:40,Port Adelaide,Sydney,Adelaide Oval,103,56,,15,13,7,14, 1.32 , 3.34 ,9,1.52,1.33,1.52,1.33,2.55,2.55,3.50,3.50,-11.5,-22.5,-11.5,-22.5,11.5,11.5,22.5,22.5,1.91,1.91,1.91,1.91,1.91,1.91,1.91,1.91,147.5,145.5,151.5,151.5,1.89,1.89,1.91,1.91,1.89,1.89,1.91,1.91,
10-Aug-19,13:45,Melbourne,Collingwood,MCG,53,70,,7,11,10,10, 2.60 , 1.49 ,9,2.60,2.60,3.00,2.62,1.50,1.40,1.52,1.52,12.5,11.5,15.5,11.5,-12.5,-15.5,-11.5,-11.5,1.91,1.91,1.91,1.91,1.91,1.91,1.91,1.91,152.5,141.5,152.5,141.5,1.89,1.91,1.89,1.91,1.89,1.87,1.89,1.91,
09-Aug-19,19:50,GWS Giants,Hawthorn,UNSW Canberra Oval,29,85,,4,5,13,7, 1.43 , 2.78 ,9,1.33,1.31,1.48,1.44,3.35,2.75,3.50,2.90,-19.5,-21.5,-12.5,-14.5,19.5,12.5,21.5,14.5,1.91,1.91,1.89,1.91,1.91,1.93,1.91,1.91,144.5,134.5,144.5,136.5,1.89,1.91,1.89,1.91,1.89,1.91,1.89,1.91,
04-Aug-19,16:00,Brisbane,Western Bulldogs,Gabba,98,80,,14,14,11,14, 1.35 , 3.17 ,9,1.38,1.28,1.40,1.36,3.10,3.00,3.75,3.30,-17.5,-22.5,-16.5,-18.5,17.5,16.5,22.5,18.5,1.91,1.91,1.91,1.91,1.91,1.91,1.91,1.91,172.5,172.5,173.5,172.5,1.89,1.87,1.89,1.87,1.89,1.89,1.89,1.95,
04-Aug-19,15:20,Carlton,West Coast,Marvel Stadium,75,99,,11,9,15,9, 3.52 , 1.29 ,9,3.85,3.20,3.85,3.70,1.27,1.27,1.36,1.30,24.5,17.5,24.5,19.5,-24.5,-24.5,-17.5,-19.5,1.91,1.91,1.91,1.91,1.91,1.91,1.91,1.91,167.5,167.5,168.5,168.5,1.89,1.89,1.91,1.91,1.89,1.89,1.91,1.91,
04-Aug-19,13:10,Collingwood,Gold Coast,MCG,120,51,,18,12,8,3, 1.09 , 7.04 ,9,1.04,1.04,1.17,1.11,11.00,5.25,11.00,7.25,-52.5,-52.5,-32.5,-37.5,52.5,32.5,52.5,37.5,1.91,1.91,1.91,1.91,1.91,1.91,1.91,1.91,162.5,162.5,165.5,165.5,1.89,1.89,1.91,1.91,1.89,1.89,1.91,1.91,
03-Aug-19,19:10,Adelaide,St Kilda,Adelaide Oval,92,70,,14,8,10,10, 1.32 , 3.35 ,8,1.22,1.22,1.40,1.33,4.35,3.00,4.35,3.50,-29.5,-29.5,-16.5,-22.5,29.5,16.5,29.5,22.5,1.91,1.91,1.91,1.91,1.91,1.91,1.91,1.91,160.5,159.5,161.5,159.5,1.89,1.89,1.91,1.91,1.89,1.89,1.91,1.91,
03-Aug-19,19:25,Melbourne,Richmond,MCG,60,93,,9,6,13,15, 4.73 , 1.19 ,9,3.85,3.85,5.00,5.00,1.27,1.18,1.27,1.19,23.5,22.5,29.5,25.5,-23.5,-29.5,-22.5,-25.5,1.91,1.91,1.91,1.91,1.91,1.91,1.91,1.91,162.5,158.5,163.5,158.5,1.89,1.91,1.89,1.91,1.89,1.91,1.89,1.91,
03-Aug-19,14:35,Fremantle,Geelong,Optus Stadium,95,61,,14,11,9,7, 3.63 , 1.28 ,9,2.75,2.75,3.70,3.70,1.45,1.30,1.45,1.30,14.5,14.5,21.5,21.5,-14.5,-21.5,-14.5,-21.5,1.91,1.91,1.91,1.91,1.91,1.91,1.91,1.91,148.5,142.5,148.5,142.5,1.89,1.95,1.89,1.95,1.89,1.87,1.89,1.87,
03-Aug-19,14:10,GWS Giants,Sydney,Giants Stadium,83,81,,12,11,12,9, 1.35 , 3.16 ,9,1.38,1.28,1.38,1.35,3.10,3.10,3.75,3.35,-17.5,-24.5,-17.5,-19.5,17.5,17.5,24.5,19.5,1.91,1.91,1.91,1.91,1.91,1.91,1.91,1.91,157.5,156.5,158.5,158.5,1.89,1.89,1.91,1.91,1.89,1.89,1.91,1.91,
03-Aug-19,13:45,Essendon,Port Adelaide,Marvel Stadium,67,126,,9,13,19,12, 1.63 , 2.26 ,9,1.42,1.40,1.65,1.65,2.90,2.30,3.00,2.30,-15.5,-16.5,-8.5,-8.5,15.5,8.5,16.5,8.5,1.91,1.91,1.91,1.91,1.91,1.91,1.91,1.91,164.5,162.5,166.5,162.5,1.89,1.91,1.91,1.91,1.89,1.91,1.91,1.91,
02-Aug-19,19:50,North Melbourne,Hawthorn,Marvel Stadium,86,64,,12,14,9,10, 1.78 , 2.01 ,9,1.85,1.77,1.91,1.80,1.97,1.91,2.10,2.05,-1.5,-3.5,-1.5,-2.5,1.5,1.5,3.5,2.5,1.91,1.91,1.97,1.91,1.91,1.85,1.91,1.91,162.5,161.5,162.5,161.5,1.89,1.89,1.89,1.91,1.89,1.89,1.89,1.91,
28-Jul-19,16:30,Gold Coast,Essendon,Metricon Stadium,96,106,,15,6,16,10, 5.21 , 1.16 ,9,5.25,5.20,7.00,5.20,1.17,1.10,1.18,1.18,30.5,30.5,39.5,30.5,-30.5,-39.5,-30.5,-30.5,1.91,1.87,1.91,1.87,1.91,1.91,1.95,1.95,162.5,162.5,162.5,162.5,1.89,1.89,1.91,1.91,1.89,1.89,1.91,1.91,
28-Jul-19,15:20,Sydney,Geelong,SCG,80,107,,12,8,16,11, 2.68 , 1.46 ,9,3.10,2.45,3.10,2.68,1.38,1.38,1.56,1.50,17.5,10.5,17.5,12.5,-17.5,-17.5,-10.5,-12.5,1.91,1.91,1.91,1.91,1.91,1.91,1.91,1.91,150.5,150.5,154.5,154.5,1.89,1.89,1.91,1.91,1.89,1.89,1.91,1.91,
28-Jul-19,13:10,Western Bulldogs,Fremantle,Marvel Stadium,113,66,,16,17,9,12, 1.47 , 2.67 ,9,1.50,1.48,1.60,1.48,2.60,2.35,2.75,2.75,-12.5,-13.5,-8.5,-13.5,12.5,8.5,13.5,13.5,1.91,1.85,1.91,1.85,1.91,1.91,1.97,1.97,160.5,160.5,162.5,160.5,1.89,1.89,1.89,2.00,1.89,1.82,1.89,1.82,
27-Jul-19,19:10,Port Adelaide,GWS Giants,Adelaide Oval,55,56,,7,13,8,8, 1.84 , 1.95 ,9,2.35,1.80,2.35,1.80,1.60,1.60,2.05,2.05,8.5,-3.5,8.5,-3.5,-8.5,-8.5,3.5,3.5,1.91,1.91,1.91,1.91,1.91,1.91,1.91,1.91,157.5,152.5,157.5,152.5,1.89,1.91,1.89,1.91,1.89,1.91,1.89,1.91,
27-Jul-19,19:25,St Kilda,Melbourne,Marvel Stadium,104,85,,15,14,13,7, 1.94 , 1.85 ,8,2.55,1.93,2.55,1.97,1.52,1.52,1.93,1.87,11.5,1.5,11.5,1.5,-11.5,-11.5,-1.5,-1.5,1.91,1.85,1.91,1.91,1.91,1.91,1.97,1.91,168.5,168.5,169.5,168.5,1.89,1.89,1.89,1.91,1.89,1.89,1.89,1.91,
27-Jul-19,14:35,West Coast,North Melbourne,Optus Stadium,121,72,,18,13,10,12, 1.45 , 2.73 ,9,1.20,1.20,1.50,1.48,4.60,2.68,4.60,2.75,-28.5,-28.5,-11.5,-12.5,28.5,11.5,28.5,12.5,1.91,1.91,1.91,1.91,1.91,1.91,1.91,1.91,166.5,165.5,167.5,167.5,1.89,1.89,1.91,1.91,1.89,1.89,1.91,1.91,
27-Jul-19,14:10,Carlton,Adelaide,MCG,87,60,,13,9,9,6, 2.51 , 1.52 ,9,2.75,2.45,2.75,2.50,1.45,1.45,1.56,1.56,14.5,9.5,14.5,10.5,-14.5,-14.5,-9.5,-10.5,1.91,1.91,1.91,1.91,1.91,1.91,1.91,1.91,162.5,162.5,163.5,163.5,1.89,1.89,1.91,1.91,1.89,1.89,1.91,1.91,
27-Jul-19,13:45,Hawthorn,Brisbane,University of Tasmania Stadium,60,87,,7,18,13,9, 1.79 , 2.01 ,9,1.80,1.77,1.95,1.80,2.02,1.87,2.10,2.05,-2.5,-3.5,1.5,-3.5,2.5,-1.5,3.5,3.5,1.91,1.91,1.91,1.91,1.91,1.91,1.91,1.91,157.5,157.5,158.5,158.5,1.89,1.89,1.91,1.91,1.89,1.89,1.91,1.91,
26-Jul-19,19:50,Collingwood,Richmond,MCG,66,98,,9,12,14,14, 2.36 , 1.58 ,9,2.35,2.20,2.60,2.45,1.60,1.50,1.70,1.58,7.5,5.5,11.5,9.5,-7.5,-11.5,-5.5,-9.5,1.91,1.91,1.91,1.91,1.91,1.91,1.91,1.91,157.5,143.5,157.5,143.5,1.89,1.91,1.89,1.91,1.89,1.91,1.89,1.91,
21-Jul-19,16:40,St Kilda,Western Bulldogs,Marvel Stadium,116,89,,17,14,14,5, 2.74 , 1.45 ,8,3.25,2.70,3.25,2.80,1.35,1.35,1.48,1.47,20.5,14.5,20.5,14.5,-20.5,-20.5,-14.5,-14.5,1.91,1.91,1.91,1.91,1.91,1.91,1.91,1.91,161.5,161.5,161.5,161.5,1.89,1.89,1.91,1.91,1.89,1.89,1.91,1.91,
21-Jul-19,14:50,Melbourne,West Coast,Traeger Park,78,91,,11,12,14,7, 2.60 , 1.49 ,9,2.55,2.55,3.10,2.68,1.52,1.38,1.52,1.50,12.5,12.5,18.5,12.5,-12.5,-18.5,-12.5,-12.5,1.91,1.91,1.91,1.91,1.91,1.91,1.91,1.91,165.5,164.5,168.5,166.5,1.89,1.89,1.91,1.91,1.89,1.89,1.91,1.91,
21-Jul-19,13:10,Geelong,Hawthorn,MCG,61,85,,8,13,12,13, 1.40 , 2.95 ,9,1.30,1.30,1.42,1.40,3.60,2.90,3.60,3.10,-22.5,-23.5,-16.5,-16.5,22.5,16.5,23.5,16.5,1.91,1.91,1.91,1.91,1.91,1.91,1.91,1.91,155.5,154.5,156.5,156.5,1.89,1.89,1.91,1.91,1.89,1.89,1.91,1.91,
20-Jul-19,18:10,Fremantle,Sydney,Optus Stadium,52,51,,7,10,7,9, 1.74 , 2.08 ,9,1.60,1.60,1.91,1.75,2.35,1.91,2.35,2.15,-9.5,-9.5,1.5,-4.5,9.5,-1.5,9.5,4.5,1.91,1.91,1.87,1.91,1.91,1.95,1.91,1.91,150.5,145.5,150.5,145.5,1.89,1.91,1.89,1.91,1.89,1.91,1.89,1.91,
20-Jul-19,19:25,Brisbane,North Melbourne,Gabba,87,75,,12,15,12,3, 1.41 , 2.85 ,9,1.52,1.40,1.52,1.44,2.55,2.55,3.00,2.90,-12.5,-17.5,-12.5,-14.5,12.5,12.5,17.5,14.5,1.91,1.91,1.91,1.91,1.91,1.91,1.91,1.91,167.5,166.5,169.5,169.5,1.89,1.89,1.91,1.91,1.89,1.89,1.91,1.91,
20-Jul-19,16:35,GWS Giants,Collingwood,Giants Stadium,122,75,,19,8,11,9, 2.04 , 1.76 ,9,1.62,1.62,2.15,2.10,2.30,1.75,2.30,1.77,-7.5,-7.5,4.5,3.5,7.5,-4.5,7.5,-3.5,1.91,1.91,1.91,1.91,1.91,1.91,1.91,1.91,160.5,157.5,160.5,157.5,1.89,1.89,1.89,1.91,1.89,1.89,1.89,1.91,
20-Jul-19,14:10,Carlton,Gold Coast,Marvel Stadium,99,75,,15,9,11,9, 1.17 , 4.94 ,9,1.38,1.17,1.38,1.17,3.10,3.10,5.40,5.40,-17.5,-35.5,-17.5,-35.5,17.5,17.5,35.5,35.5,1.91,1.91,1.91,1.91,1.91,1.91,1.91,1.91,160.5,159.5,160.5,159.5,1.89,1.91,1.91,1.91,1.89,1.91,1.91,1.91,
20-Jul-19,13:45,Richmond,Port Adelaide,MCG,101,63,,15,11,9,9, 1.36 , 3.13 ,9,1.30,1.25,1.38,1.38,3.60,3.20,4.00,3.20,-22.5,-26.5,-18.5,-18.5,22.5,18.5,26.5,18.5,1.91,1.91,1.91,1.91,1.91,1.91,1.91,1.91,163.5,159.5,163.5,159.5,1.89,1.91,1.89,1.91,1.89,1.91,1.89,1.91,
19-Jul-19,19:20,Adelaide,Essendon,Adelaide Oval,75,96,,10,15,15,6, 1.32 , 3.33 ,9,1.52,1.33,1.52,1.33,2.55,2.55,3.50,3.50,-12.5,-20.5,-12.5,-20.5,12.5,12.5,20.5,20.5,1.91,1.91,1.91,1.91,1.91,1.91,1.91,1.91,157.5,156.5,158.5,158.5,1.89,1.91,1.91,1.91,1.89,1.91,1.91,1.91,
14-Jul-19,16:10,Port Adelaide,Brisbane,Adelaide Oval,49,97,,6,13,14,13, 1.43 , 2.84 ,9,1.68,1.42,1.70,1.42,2.20,2.18,3.00,3.00,-8.5,-15.5,-6.5,-15.5,8.5,6.5,15.5,15.5,1.91,1.91,1.91,1.91,1.91,1.91,1.91,1.91,164.5,162.5,165.5,162.5,1.89,1.91,1.91,1.91,1.89,1.91,1.91,1.91,
14-Jul-19,15:20,Western Bulldogs,Melbourne,Marvel Stadium,74,66,,10,14,9,12, 1.75 , 2.02 ,9,1.75,1.50,1.80,1.80,2.10,2.05,2.60,2.05,-4.5,-12.5,-2.5,-2.5,4.5,2.5,12.5,2.5,1.91,1.91,1.91,1.91,1.91,1.91,1.91,1.91,167.5,167.5,168.5,168.5,1.89,1.89,1.91,1.91,1.89,1.89,1.91,1.91,
14-Jul-19,13:10,Richmond,GWS Giants,MCG,94,67,,13,16,9,13, 1.45 , 2.72 ,9,1.65,1.45,1.68,1.45,2.25,2.20,2.85,2.85,-7.5,-16.5,-6.5,-16.5,7.5,6.5,16.5,16.5,1.91,1.91,1.91,1.91,1.91,1.91,1.91,1.91,159.5,157.5,159.5,157.5,1.89,1.91,1.91,1.91,1.89,1.91,1.91,1.91,
13-Jul-19,19:25,Geelong,St Kilda,GMHBA Stadium,84,57,,12,12,8,9, 1.07 , 8.07 ,8,1.06,1.06,1.10,1.10,9.50,8.00,9.50,8.00,-50.5,-50.5,-42.5,-42.5,50.5,42.5,50.5,42.5,1.91,1.91,1.91,1.91,1.91,1.91,1.91,1.91,158.5,155.5,158.5,155.5,1.89,1.91,1.91,1.91,1.89,1.91,1.91,1.91,
13-Jul-19,19:25,Gold Coast,Adelaide,Metricon Stadium,56,151,,8,8,23,13, 5.49 , 1.15 ,9,4.20,4.20,6.00,6.00,1.23,1.15,1.23,1.15,28.5,28.5,35.5,35.5,-28.5,-35.5,-28.5,-35.5,1.91,1.91,1.91,1.91,1.91,1.91,1.91,1.91,157.5,155.5,157.5,155.5,1.89,1.91,1.91,1.91,1.89,1.91,1.91,1.91,
13-Jul-19,16:35,Essendon,North Melbourne,Marvel Stadium,86,81,,12,14,12,9, 1.98 , 1.81 ,9,1.62,1.62,2.05,2.02,2.30,1.80,2.30,1.83,-8.5,-8.5,2.5,2.5,8.5,-2.5,8.5,-2.5,1.91,1.91,1.91,1.91,1.91,1.91,1.91,1.91,167.5,166.5,167.5,166.5,1.89,1.91,1.91,1.91,1.89,1.91,1.91,1.91,
13-Jul-19,14:10,Hawthorn,Fremantle,University of Tasmania Stadium,84,53,,12,12,8,5, 1.43 , 2.83 ,9,1.56,1.44,1.56,1.44,2.45,2.45,2.90,2.90,-11.5,-15.5,-10.5,-15.5,11.5,10.5,15.5,15.5,1.91,1.91,1.91,1.91,1.91,1.91,1.91,1.91,156.5,152.5,156.5,152.5,1.89,1.91,1.89,1.91,1.89,1.91,1.89,1.91,
13-Jul-19,13:45,Sydney,Carlton,SCG,62,69,,8,14,9,15, 1.27 , 3.70 ,9,1.35,1.25,1.35,1.25,3.25,3.25,4.15,4.15,-20.5,-26.5,-20.5,-26.5,20.5,20.5,26.5,26.5,1.91,1.91,1.91,1.91,1.91,1.91,1.91,1.91,158.5,157.5,158.5,157.5,1.89,1.91,1.91,1.91,1.89,1.91,1.95,1.91,
12-Jul-19,18:10,West Coast,Collingwood,Optus Stadium,77,78,,12,5,11,12, 1.25 , 3.86 ,9,1.60,1.27,1.60,1.27,2.35,2.35,4.00,4.00,-9.5,-24.5,-9.5,-24.5,9.5,9.5,24.5,24.5,1.91,1.91,1.91,1.91,1.91,1.91,1.91,1.91,158.5,156.5,158.5,156.5,1.89,1.91,1.89,1.91,1.89,1.91,1.89,1.91,
07-Jul-19,16:40,GWS Giants,Brisbane,Giants Stadium,74,94,,11,8,14,10, 1.36 , 3.12 ,9,1.30,1.30,1.38,1.36,3.60,3.10,3.60,3.30,-23.5,-23.5,-18.5,-19.5,23.5,18.5,23.5,19.5,1.91,1.91,1.91,1.91,1.91,1.91,1.91,1.91,164.5,164.5,166.5,166.5,1.89,1.89,1.91,1.91,1.89,1.89,1.91,1.91,
07-Jul-19,15:20,North Melbourne,St Kilda,Blundstone Arena,112,73,,17,10,11,7, 1.28 , 3.68 ,8,1.30,1.25,1.30,1.27,3.60,3.60,4.00,4.00,-23.5,-25.5,-23.5,-24.5,23.5,23.5,25.5,24.5,1.91,1.91,1.91,1.91,1.91,1.91,1.91,1.91,163.5,163.5,163.5,163.5,1.89,1.89,1.91,1.91,1.89,1.89,1.91,1.91,
07-Jul-19,13:10,Carlton,Melbourne,MCG,100,105,,15,10,15,15, 2.92 , 1.40 ,9,3.20,2.80,3.25,2.90,1.36,1.35,1.44,1.44,19.5,15.5,20.5,15.5,-19.5,-20.5,-15.5,-15.5,1.91,1.91,1.91,1.91,1.91,1.91,1.91,1.91,160.5,153.5,160.5,154.5,1.89,1.89,1.89,1.91,1.89,1.89,1.89,1.91,
06-Jul-19,18:10,Fremantle,West Coast,Optus Stadium,31,122,,2,19,19,8, 2.77 , 1.44 ,9,3.35,2.75,3.35,2.75,1.33,1.33,1.48,1.48,20.5,13.5,21.5,13.5,-20.5,-21.5,-13.5,-13.5,1.91,1.91,1.91,1.91,1.91,1.91,1.91,1.91,158.5,152.5,158.5,152.5,1.89,1.91,1.89,1.91,1.89,1.91,1.89,1.91,
06-Jul-19,19:25,Western Bulldogs,Geelong,Marvel Stadium,71,55,,10,11,7,13, 3.66 , 1.28 ,9,3.85,3.35,3.85,3.70,1.27,1.27,1.33,1.30,24.5,21.5,24.5,22.5,-24.5,-24.5,-21.5,-22.5,1.91,1.91,1.91,1.91,1.91,1.91,1.91,1.91,166.5,164.5,167.5,164.5,1.89,1.91,1.91,1.91,1.89,1.91,1.91,1.91,
06-Jul-19,16:35,Adelaide,Port Adelaide,Adelaide Oval,44,101,,5,14,15,11, 1.66 , 2.21 ,9,1.68,1.65,1.72,1.68,2.20,2.15,2.25,2.25,-6.5,-7.5,-5.5,-6.5,6.5,5.5,7.5,6.5,1.91,1.91,1.91,1.91,1.91,1.91,1.91,1.91,164.5,159.5,164.5,159.5,1.89,1.89,1.89,1.91,1.89,1.89,1.89,1.91,
06-Jul-19,14:10,Gold Coast,Richmond,Metricon Stadium,58,150,,9,4,23,12, 4.57 , 1.19 ,9,4.60,4.50,5.50,5.00,1.20,1.15,1.22,1.19,30.5,26.5,34.5,27.5,-30.5,-34.5,-26.5,-27.5,1.91,1.91,1.91,1.91,1.91,1.91,1.91,1.91,155.5,148.5,155.5,148.5,1.89,1.89,1.89,1.91,1.89,1.89,1.89,1.91,
06-Jul-19,13:45,Essendon,Sydney,MCG,76,66,,11,10,9,12, 1.51 , 2.54 ,9,1.65,1.48,1.65,1.54,2.25,2.25,2.75,2.55,-7.5,-14.5,-7.5,-10.5,7.5,7.5,14.5,10.5,1.91,1.91,1.91,1.91,1.91,1.91,1.91,1.91,158.5,156.5,160.5,160.5,1.89,1.89,1.91,1.91,1.89,1.89,1.91,1.91,
05-Jul-19,19:50,Hawthorn,Collingwood,MCG,67,63,,9,13,9,9, 2.65 , 1.47 ,9,3.60,2.75,3.60,2.75,1.30,1.30,1.48,1.48,23.5,12.5,23.5,12.5,-23.5,-23.5,-12.5,-12.5,1.91,1.91,1.91,1.91,1.91,1.91,1.91,1.91,158.5,152.5,158.5,155.5,1.89,1.89,1.89,1.91,1.89,1.89,1.89,1.91,
30-Jun-19,15:20,Fremantle,Carlton,Optus Stadium,75,79,,11,9,11,13, 1.15 , 5.57 ,9,1.21,1.15,1.28,1.16,4.50,3.75,5.60,5.60,-27.5,-36.5,-21.5,-30.5,27.5,21.5,36.5,30.5,1.91,1.91,1.91,1.91,1.91,1.91,1.91,1.91,150.5,145.5,150.5,145.5,1.89,2.00,1.89,2.00,1.89,1.82,1.89,1.82,
30-Jun-19,15:20,Brisbane,Melbourne,Gabba,107,74,,15,17,11,8, 1.51 , 2.54 ,9,1.58,1.47,1.58,1.56,2.40,2.40,2.70,2.50,-9.5,-13.5,-9.5,-11.5,9.5,9.5,13.5,11.5,1.91,1.91,1.91,1.91,1.91,1.91,1.91,1.91,169.5,169.5,172.5,172.5,1.89,1.89,1.87,1.87,1.89,1.89,1.95,1.95,
30-Jun-19,13:10,St Kilda,Richmond,Mar,70,103,,10,10,16,7, 3.33 , 1.33 ,8,3.60,3.35,4.35,3.50,1.30,1.22,1.33,1.33,21.5,20.5,25.5,20.5,-21.5,-25.5,-20.5,-20.5,1.91,1.91,1.91,1.91,1.91,1.91,1.91,1.91,166.5,165.5,166.5,165.5,1.89,1.89,1.89,1.91,1.89,1.89,1.89,1.91,
29-Jun-19,19:10,Port Adelaide,Western Bulldogs,Adelaide Oval,41,66,,5,11,10,6, 1.31 , 3.42 ,9,1.38,1.28,1.38,1.33,3.10,3.10,3.75,3.50,-17.5,-22.5,-17.5,-19.5,17.5,17.5,22.5,19.5,1.91,1.91,1.91,1.91,1.91,1.91,1.91,1.91,148.5,142.5,148.5,142.5,1.89,1.91,1.89,1.91,1.89,1.91,1.89,1.91,
29-Jun-19,19:25,Collingwood,North Melbourne,Marvel Stadium,37,81,,5,7,11,15, 1.33 , 3.25 ,9,1.31,1.31,1.36,1.36,3.50,3.20,3.50,3.30,-20.5,-21.5,-17.5,-17.5,20.5,17.5,21.5,17.5,1.91,1.91,1.91,1.91,1.91,1.91,1.91,1.91,166.5,164.5,166.5,164.5,1.89,1.91,1.91,1.91,1.89,1.91,1.91,1.91,
29-Jun-19,16:35,Sydney,Gold Coast,SCG,93,51,,14,9,7,9, 1.13 , 5.67 ,9,1.19,1.12,1.19,1.12,4.80,4.80,6.25,6.25,-29.5,-35.5,-29.5,-35.5,29.5,29.5,35.5,35.5,1.91,1.91,1.91,1.91,1.91,1.91,1.91,1.91,160.5,157.5,160.5,157.5,1.89,1.91,1.89,1.91,1.89,1.91,1.89,1.91,
29-Jun-19,13:45,Hawthorn,West Coast,MCG,71,77,,9,17,11,11, 2.14 , 1.70 ,9,2.25,2.15,2.65,2.15,1.65,1.48,1.75,1.75,7.5,4.5,13.5,4.5,-7.5,-13.5,-4.5,-4.5,1.91,1.91,1.91,1.91,1.91,1.91,1.91,1.91,160.5,135.5,160.5,135.5,1.89,1.91,1.89,1.91,1.89,1.91,1.89,1.91,
28-Jun-19,19:50,Geelong,Adelaide,GMHBA Stadium,96,69,,14,12,10,9, 1.25 , 3.94 ,9,1.25,1.25,1.33,1.25,4.00,3.35,4.15,4.15,-24.5,-24.5,-19.5,-22.5,24.5,19.5,24.5,22.5,1.91,1.91,1.91,1.91,1.91,1.91,1.91,1.91,156.5,155.5,156.5,156.5,1.89,1.91,1.91,1.91,1.89,1.91,1.91,1.91,
27-Jun-19,19:20,Essendon,GWS Giants,Marvel Stadium,77,71,,12,5,10,11, 2.25 , 1.63 ,9,2.20,2.20,2.68,2.30,1.68,1.48,1.68,1.65,6.5,6.5,13.5,7.5,-6.5,-13.5,-6.5,-7.5,1.91,1.91,1.91,1.91,1.91,1.91,1.91,1.91,168.5,163.5,169.5,163.5,1.89,1.91,1.91,1.91,1.89,1.91,1.91,1.91,
23-Jun-19,15:20,Western Bulldogs,Collingwood,Marvel Stadium,73,82,,10,13,13,4, 3.56 , 1.29 ,9,3.60,3.35,4.00,3.85,1.30,1.25,1.33,1.28,22.5,20.5,24.5,23.5,-22.5,-24.5,-20.5,-23.5,1.91,1.91,1.91,1.91,1.91,1.91,1.91,1.91,170.5,170.5,171.5,171.5,1.89,1.89,1.91,1.91,1.89,1.89,1.91,1.91,
22-Jun-19,19:10,Port Adelaide,Geelong,Adelaide Oval,67,56,,9,13,8,8, 2.71 , 1.45 ,9,2.65,2.60,2.80,2.75,1.48,1.44,1.52,1.48,13.5,11.5,15.5,12.5,-13.5,-15.5,-11.5,-12.5,1.91,1.91,1.91,1.91,1.91,1.91,1.91,1.91,160.5,158.5,160.5,160.5,1.89,1.91,1.91,1.91,1.89,1.91,1.91,1.91,
22-Jun-19,16:35,St Kilda,Brisbane,Marvel Stadium,59,115,,8,11,17,13, 2.13 , 1.70 ,8,2.15,2.10,2.18,2.18,1.72,1.70,1.75,1.72,4.5,4.5,6.5,5.5,-4.5,-6.5,-4.5,-5.5,1.91,1.91,1.91,1.91,1.91,1.91,1.91,1.91,168.5,167.5,169.5,169.5,1.89,1.89,1.91,1.91,1.89,1.89,1.91,1.91,
22-Jun-19,13:45,Melbourne,Fremantle,MCG,85,71,,13,7,11,5, 1.57 , 2.38 ,9,1.68,1.60,1.80,1.60,2.20,2.02,2.40,2.40,-7.5,-9.5,-2.5,-9.5,7.5,2.5,9.5,9.5,1.91,1.91,1.91,1.91,1.91,1.91,1.91,1.91,160.5,155.5,161.5,155.5,1.89,1.91,1.89,1.91,1.89,1.91,1.89,1.91,
21-Jun-19,19:50,Sydney,Hawthorn,SCG,82,63,,12,10,9,9, 1.51 , 2.54 ,9,1.68,1.50,1.68,1.52,2.20,2.20,2.62,2.62,-6.5,-12.5,-6.5,-11.5,6.5,6.5,12.5,11.5,1.91,1.91,1.91,1.91,1.91,1.91,1.91,1.91,148.5,147.5,155.5,155.5,1.89,1.89,1.91,1.91,1.89,1.89,1.91,1.91,
20-Jun-19,18:10,West Coast,Essendon,Optus Stadium,106,71,,14,22,11,5, 1.38 , 3.01 ,9,1.28,1.27,1.40,1.38,3.75,3.10,3.85,3.20,-24.5,-24.5,-16.5,-16.5,24.5,16.5,24.5,16.5,1.91,1.91,1.91,1.91,1.91,1.91,1.91,1.91,159.5,155.5,160.5,156.5,1.89,1.91,1.89,1.91,1.89,1.91,1.89,1.91,
16-Jun-19,15:20,North Melbourne,GWS Giants,Blundstone Arena,68,91,,10,8,14,7, 2.54 , 1.51 ,9,2.55,2.40,2.55,2.55,1.52,1.52,1.58,1.54,10.5,9.5,12.5,12.5,-10.5,-12.5,-9.5,-12.5,1.91,1.91,1.91,1.91,1.91,1.91,1.91,1.91,166.5,166.5,168.5,168.5,1.89,1.89,1.91,1.91,1.89,1.89,1.91,1.91,
15-Jun-19,19:25,Carlton,Western Bulldogs,Marvel Stadium,100,103,,15,10,15,13, 2.62 , 1.49 ,9,2.70,2.55,2.70,2.62,1.47,1.47,1.54,1.52,13.5,11.5,13.5,11.5,-13.5,-13.5,-11.5,-11.5,1.91,1.91,1.91,1.91,1.91,1.91,1.91,1.91,168.5,165.5,168.5,165.5,1.89,1.91,1.91,1.91,1.89,1.91,1.91,1.91,
15-Jun-19,14:35,Fremantle,Port Adelaide,Optus Stadium,100,79,,15,10,12,7, 1.82 , 1.98 ,9,1.62,1.62,1.83,1.83,2.30,2.02,2.30,2.02,-7.5,-7.5,-2.5,-2.5,7.5,2.5,7.5,2.5,1.91,1.91,1.91,1.91,1.91,1.91,1.91,1.91,162.5,160.5,162.5,160.5,1.89,1.89,1.89,1.91,1.89,1.89,1.89,1.91,
15-Jun-19,13:45,Gold Coast,St Kilda,Riverway Stadium,76,80,,11,10,11,14, 2.47 , 1.54 ,8,2.30,2.30,2.55,2.55,1.62,1.54,1.65,1.54,7.5,7.5,11.5,11.5,-7.5,-11.5,-7.5,-11.5,1.91,1.91,1.91,1.91,1.91,1.91,1.91,1.91,161.5,159.5,161.5,160.5,1.89,1.89,1.89,1.91,1.89,1.89,1.89,1.91,
14-Jun-19,19:50,Essendon,Hawthorn,Marvel Stadium,96,77,,14,12,11,11, 1.66 , 2.21 ,9,1.75,1.65,1.78,1.65,2.10,2.05,2.30,2.30,-2.5,-7.5,-2.5,-7.5,2.5,2.5,7.5,7.5,1.91,1.91,1.91,1.91,1.91,1.91,1.91,1.91,162.5,157.5,162.5,157.5,1.89,1.91,1.89,1.91,1.89,1.91,1.89,1.91,
13-Jun-19,19:20,Adelaide,Richmond,Adelaide Oval,101,68,,15,11,9,14, 1.21 , 4.48 ,9,1.78,1.20,1.78,1.20,2.05,2.05,4.80,4.80,-2.5,-31.5,-2.5,-31.5,2.5,2.5,31.5,31.5,1.91,1.91,1.91,1.91,1.91,1.91,1.91,1.91,155.5,150.5,155.5,154.5,1.89,1.89,1.89,1.89,1.89,1.89,1.89,1.89,
10-Jun-19,15:20,Collingwood,Melbourne,MCG,98,57,,15,8,7,15, 1.43 , 2.80 ,9,1.33,1.33,1.42,1.42,3.35,2.90,3.35,3.00,-21.5,-21.5,-15.5,-15.5,21.5,15.5,21.5,15.5,1.91,1.91,1.91,1.91,1.91,1.91,1.91,1.91,161.5,153.5,162.5,162.5,1.89,1.89,1.91,1.91,1.89,1.89,1.91,1.91,
09-Jun-19,15:20,Sydney,West Coast,SCG,116,71,,18,8,10,11, 1.88 , 1.90 ,9,2.55,1.80,2.55,1.90,1.52,1.52,2.05,1.95,11.5,-1.5,11.5,-1.5,-11.5,-11.5,1.5,1.5,1.91,1.89,1.91,1.97,1.91,1.91,1.93,1.85,158.5,156.5,158.5,156.5,1.89,1.89,1.89,1.91,1.89,1.89,1.89,1.91,
08-Jun-19,19:10,Adelaide,GWS Giants,Adelaide Oval,82,61,,12,10,9,7, 1.86 , 1.93 ,9,2.18,1.80,2.35,1.80,1.70,1.60,2.05,2.05,5.5,-3.5,8.5,-3.5,-5.5,-8.5,3.5,3.5,1.91,1.85,1.91,1.85,1.91,1.91,1.97,1.97,164.5,162.5,164.5,162.5,1.89,1.89,1.89,1.89,1.89,1.89,1.89,1.89,
08-Jun-19,16:35,Gold Coast,North Melbourne,Metricon Stadium,72,99,,11,6,14,15, 3.17 , 1.35 ,9,2.18,2.18,3.35,3.20,1.70,1.33,1.70,1.38,5.5,5.5,21.5,17.5,-5.5,-21.5,-5.5,-17.5,1.91,1.91,1.91,1.91,1.91,1.91,1.91,1.91,149.5,136.5,149.5,136.5,1.89,1.89,1.89,1.89,1.89,1.89,1.89,1.89,
08-Jun-19,13:45,Carlton,Brisbane,Marvel Stadium,78,63,,11,12,9,9, 2.80 , 1.43 ,9,2.60,2.60,3.10,2.80,1.50,1.38,1.50,1.47,12.5,12.5,17.5,14.5,-12.5,-17.5,-12.5,-14.5,1.91,1.91,1.91,1.91,1.91,1.91,1.91,1.91,169.5,168.5,172.5,172.5,1.89,1.89,1.89,1.89,1.89,1.89,1.89,1.89,
07-Jun-19,19:50,Richmond,Geelong,MCG,37,104,,5,7,16,8, 2.91 , 1.41 ,9,2.10,2.10,3.00,3.00,1.75,1.42,1.75,1.42,4.5,4.5,15.5,14.5,-4.5,-15.5,-4.5,-14.5,1.91,1.91,1.91,1.91,1.91,1.91,1.91,1.91,162.5,159.5,163.5,163.5,1.89,1.91,1.91,1.91,1.89,1.91,1.91,1.91,
02-Jun-19,15:20,West Coast,Western Bulldogs,Optus Stadium,133,72,,21,7,10,12, 1.23 , 4.14 ,9,1.21,1.21,1.25,1.24,4.50,4.00,4.50,4.25,-28.5,-28.5,-22.5,-25.5,28.5,22.5,28.5,25.5,1.91,1.91,1.91,1.91,1.91,1.91,1.91,1.91,163.5,162.5,165.5,165.5,1.89,1.91,1.91,1.91,1.89,1.91,1.91,1.91,
02-Jun-19,15:20,Essendon,Carlton,MCG,74,33,,11,8,4,9, 1.41 , 2.87 ,9,1.25,1.25,1.50,1.42,4.00,2.60,4.00,3.00,-26.5,-26.5,-13.5,-16.5,26.5,13.5,26.5,16.5,1.91,1.91,1.91,1.91,1.91,1.91,1.91,1.91,156.5,149.5,156.5,149.5,1.89,1.91,1.89,1.91,1.89,1.91,1.89,1.91,
02-Jun-19,12:40,St Kilda,Port Adelaide,Jiangwan Sports Centre,69,139,,9,15,22,7, 3.17 , 1.35 ,8,3.60,2.50,3.70,3.35,1.30,1.30,1.54,1.35,22.5,11.5,24.5,20.5,-22.5,-24.5,-11.5,-20.5,1.91,1.91,1.91,1.91,1.91,1.91,1.91,1.91,159.5,154.5,159.5,156.5,1.89,1.89,1.89,1.91,1.89,1.89,1.89,1.91,
01-Jun-19,19:10,Melbourne,Adelaide,TIO Stadium,88,90,,12,16,14,6, 2.40 , 1.56 ,9,1.75,1.75,2.50,2.45,2.10,1.56,2.10,1.58,-3.5,-3.5,10.5,9.5,3.5,-10.5,3.5,-9.5,1.91,1.91,1.91,1.91,1.91,1.91,1.91,1.91,161.5,160.5,161.5,161.5,1.89,1.89,1.89,1.89,1.89,1.89,1.89,1.89,
01-Jun-19,19:25,Brisbane,Hawthorn,Gabba,85,66,,12,13,10,6, 1.63 , 2.26 ,9,1.65,1.62,1.70,1.63,2.25,2.18,2.35,2.35,-6.5,-8.5,-4.5,-8.5,6.5,4.5,8.5,8.5,1.91,1.91,1.91,1.91,1.91,1.91,1.91,1.91,168.5,168.5,170.5,168.5,1.89,1.89,1.89,1.89,1.89,1.89,1.89,1.89,
01-Jun-19,16:35,Geelong,Sydney,GMHBA Stadium,85,63,,13,7,8,15, 1.16 , 5.15 ,9,1.14,1.14,1.18,1.17,5.75,5.00,5.75,5.40,-36.5,-36.5,-29.5,-31.5,36.5,29.5,36.5,31.5,1.91,1.91,1.91,1.91,1.91,1.91,1.91,1.91,160.5,158.5,160.5,159.5,1.89,1.89,1.89,1.89,1.89,1.89,1.89,1.89,
01-Jun-19,13:45,Collingwood,Fremantle,MCG,75,79,,11,9,11,13, 1.15 , 5.42 ,9,1.21,1.15,1.21,1.15,4.50,4.50,6.00,6.00,-27.5,-34.5,-27.5,-34.5,27.5,27.5,34.5,34.5,1.91,1.91,1.91,1.91,1.91,1.91,1.91,1.91,160.5,159.5,160.5,159.5,1.89,1.89,1.89,1.89,1.89,1.89,1.95,1.89,
01-Jun-19,13:45,GWS Giants,Gold Coast,Giants Stadium,126,43,,19,12,6,7, 1.04 , 10.71 ,9,1.09,1.04,1.09,1.04,7.50,7.50,13.00,13.00,-41.5,-52.5,-41.5,-52.5,41.5,41.5,52.5,52.5,1.91,1.91,1.91,1.91,1.91,1.91,1.91,1.91,159.5,155.5,159.5,156.5,1.89,1.85,1.89,1.89,1.89,1.89,1.89,1.89,
31-May-19,19:50,North Melbourne,Richmond,Marvel Stadium,99,62,,15,9,9,8, 3.01 , 1.38 ,9,3.35,3.00,4.00,3.10,1.33,1.25,1.42,1.40,19.5,15.5,23.5,15.5,-19.5,-23.5,-15.5,-15.5,1.91,1.91,1.91,1.91,1.91,1.91,1.91,1.91,170.5,169.5,170.5,169.5,1.89,1.91,1.91,1.91,1.89,1.91,1.91,1.91,
26-May-19,15:20,Fremantle,Brisbane,Optus Stadium,73,72,,10,13,10,12, 1.68 , 2.17 ,9,1.58,1.58,1.78,1.70,2.40,2.05,2.40,2.22,-9.5,-9.5,-3.5,-6.5,9.5,3.5,9.5,6.5,1.91,1.91,1.91,1.91,1.91,1.91,1.91,1.91,173.5,172.5,173.5,173.5,1.89,1.89,1.89,1.89,1.89,1.89,1.89,1.89,
26-May-19,15:20,St Kilda,Carlton,Marvel Stadium,68,55,,9,14,8,7, 1.50 , 2.57 ,8,1.56,1.38,1.58,1.48,2.45,2.40,3.10,2.75,-9.5,-18.5,-9.5,-13.5,9.5,9.5,18.5,13.5,1.91,1.91,1.91,1.91,1.91,1.91,1.91,1.91,163.5,163.5,167.5,166.5,1.89,1.89,1.89,1.89,1.89,1.89,1.89,1.89,
26-May-19,13:10,Melbourne,GWS Giants,MCG,68,94,,10,8,14,10, 2.48 , 1.54 ,9,2.15,2.02,2.62,2.55,1.72,1.50,1.80,1.54,4.5,2.5,12.5,11.5,-4.5,-12.5,-2.5,-11.5,1.91,1.91,1.91,1.91,1.91,1.91,1.91,1.91,165.5,162.5,165.5,163.5,1.89,1.89,1.89,1.89,1.89,1.89,1.89,1.89,
25-May-19,19:25,Gold Coast,Geelong,Metricon Stadium,64,91,,9,10,13,13, 6.24 , 1.12 ,9,5.50,5.50,7.25,7.25,1.15,1.11,1.15,1.11,34.5,32.5,36.5,36.5,-34.5,-36.5,-32.5,-36.5,1.91,1.91,1.91,1.91,1.91,1.91,1.91,1.91,154.5,154.5,155.5,155.5,1.89,1.89,1.91,1.91,1.89,1.89,1.91,1.91,
25-May-19,19:25,Richmond,Essendon,MCG,73,50,,10,13,6,14, 1.63 , 2.26 ,9,1.58,1.40,1.68,1.68,2.40,2.25,3.00,2.25,-9.5,-15.5,-6.5,-7.5,9.5,6.5,15.5,7.5,1.91,1.91,1.91,1.91,1.91,1.91,1.91,1.91,159.5,142.5,159.5,142.5,1.89,1.91,1.89,1.91,1.89,1.91,1.89,1.91,
25-May-19,16:05,Adelaide,West Coast,Adelaide Oval,73,85,,10,13,13,7, 1.55 , 2.43 ,9,1.70,1.54,1.87,1.54,2.18,1.95,2.55,2.55,-5.5,-12.5,-1.5,-12.5,5.5,1.5,12.5,12.5,1.91,1.91,1.95,1.91,1.91,1.87,1.91,1.91,156.5,150.5,156.5,153.5,1.89,1.89,1.89,1.91,1.89,1.89,1.89,1.91,
25-May-19,14:10,Western Bulldogs,North Melbourne,Marvel Stadium,90,115,,13,12,18,7, 1.60 , 2.31 ,9,1.65,1.54,1.68,1.60,2.25,2.20,2.50,2.40,-7.5,-10.5,-6.5,-8.5,7.5,6.5,10.5,8.5,1.91,1.91,1.91,1.91,1.91,1.91,1.91,1.91,168.5,168.5,172.5,172.5,1.89,1.89,1.91,1.91,1.89,1.89,1.91,1.91,
25-May-19,13:45,Hawthorn,Port Adelaide,University of Tasmania Stadium,80,49,,12,8,6,13, 1.70 , 2.14 ,9,1.58,1.58,1.78,1.68,2.40,2.05,2.40,2.25,-9.5,-9.5,-3.5,-7.5,9.5,3.5,9.5,7.5,1.91,1.91,1.91,1.91,1.91,1.91,1.91,1.91,161.5,155.5,161.5,155.5,1.89,1.91,1.89,1.91,1.89,1.91,1.89,1.91,
24-May-19,19:50,Sydney,Collingwood,SCG,73,80,,11,7,11,14, 2.77 , 1.44 ,8,3.60,2.60,3.60,2.85,1.30,1.30,1.50,1.45,21.5,12.5,21.5,14.5,-21.5,-21.5,-12.5,-14.5,1.91,1.91,1.91,1.91,1.91,1.91,1.91,1.91,165.5,162.5,165.5,162.5,1.89,1.89,1.89,1.91,1.89,1.89,1.89,1.91,
19-May-19,16:40,GWS Giants,Carlton,Giants Stadium,138,45,,20,18,7,3, 1.10 , 6.73 ,9,1.05,1.05,1.13,1.11,10.00,6.00,10.00,7.25,-48.5,-48.5,-35.5,-39.5,48.5,35.5,48.5,39.5,1.91,1.91,1.91,1.91,1.91,1.91,1.91,1.91,165.5,165.5,167.5,167.5,1.89,1.89,1.91,1.91,1.89,1.89,1.91,1.91,
19-May-19,15:20,Richmond,Hawthorn,MCG,95,59,,14,11,8,11, 1.74 , 2.07 ,9,1.44,1.44,1.80,1.80,2.80,2.05,2.80,2.05,-14.5,-14.5,-3.5,-3.5,14.5,3.5,14.5,3.5,1.91,1.91,1.91,1.91,1.91,1.91,1.91,1.91,165.5,164.5,166.5,166.5,1.89,1.89,1.91,1.91,1.89,1.89,1.91,1.91,
19-May-19,12:40,Port Adelaide,Gold Coast,Adelaide Oval,89,51,,13,11,7,9, 1.20 , 4.52 ,9,1.17,1.15,1.22,1.22,5.25,4.50,5.60,4.50,-31.5,-35.5,-28.5,-29.5,31.5,28.5,35.5,29.5,1.91,1.91,1.91,1.91,1.91,1.91,1.91,1.91,143.5,136.5,143.5,136.5,1.89,1.91,1.89,1.91,1.89,1.91,1.89,1.91,
18-May-19,19:35,Essendon,Fremantle,Marvel Stadium,60,53,,8,12,7,11, 1.44 , 2.78 ,9,1.33,1.33,1.50,1.48,3.35,2.65,3.35,2.75,-19.5,-19.5,-14.5,-14.5,19.5,14.5,19.5,14.5,1.91,1.91,1.91,1.91,1.91,1.91,1.91,1.91,166.5,165.5,166.5,165.5,1.89,1.89,1.89,1.91,1.89,1.89,1.89,1.91,
18-May-19,19:25,North Melbourne,Sydney,Blundstone Arena,72,77,,10,12,11,11, 1.41 , 2.93 ,9,1.56,1.36,1.78,1.36,2.45,2.05,3.30,3.30,-9.5,-21.5,-3.5,-21.5,9.5,3.5,21.5,21.5,1.91,1.91,1.91,1.91,1.91,1.91,1.91,1.91,167.5,163.5,167.5,163.5,1.89,1.91,1.89,1.91,1.89,1.91,1.89,1.91,
18-May-19,16:35,Geelong,Western Bulldogs,GMHBA Stadium,133,89,,21,7,13,11, 1.20 , 4.53 ,9,1.20,1.19,1.22,1.22,4.60,4.35,4.80,4.50,-29.5,-32.5,-27.5,-29.5,29.5,27.5,32.5,29.5,1.91,1.91,1.91,1.91,1.91,1.91,1.91,1.91,158.5,158.5,160.5,160.5,1.89,1.89,1.91,1.91,1.89,1.89,1.91,1.91,
18-May-19,14:10,Brisbane,Adelaide,Gabba,93,92,,13,15,13,14, 1.73 , 2.08 ,9,1.82,1.72,1.82,1.75,2.00,2.00,2.15,2.15,-1.5,-5.5,-1.5,-5.5,1.5,1.5,5.5,5.5,1.91,1.91,1.91,1.91,1.91,1.91,1.91,1.91,175.5,172.5,176.5,176.5,1.89,1.89,1.91,1.91,1.89,1.89,1.91,1.91,
18-May-19,13:45,Collingwood,St Kilda,MCG,112,71,,17,10,10,11, 1.23 , 4.09 ,8,1.14,1.14,1.28,1.24,5.75,3.85,5.75,4.25,-34.5,-34.5,-24.5,-24.5,34.5,24.5,34.5,24.5,1.91,1.91,1.91,1.91,1.91,1.91,1.91,1.91,163.5,163.5,165.5,165.5,1.89,1.89,1.91,1.91,1.89,1.89,1.91,1.91,
17-May-19,20:10,West Coast,Melbourne,Optus Stadium,85,69,,13,7,9,15, 1.27 , 3.72 ,9,1.30,1.25,1.33,1.28,3.60,3.50,4.00,3.85,-21.5,-25.5,-20.5,-24.5,21.5,20.5,25.5,24.5,1.91,1.91,1.91,1.91,1.91,1.91,1.91,1.91,154.5,154.5,157.5,157.5,1.89,1.89,1.91,1.91,1.89,1.89,1.91,1.91,
12-May-19,15:20,Fremantle,Richmond,Optus Stadium,86,111,,12,14,17,9, 1.60 , 2.32 ,9,2.45,1.60,2.45,1.60,1.56,1.56,2.40,2.40,10.5,-9.5,10.5,-8.5,-10.5,-10.5,9.5,8.5,1.91,1.93,1.91,1.91,1.91,1.91,1.89,1.91,153.5,153.5,156.5,156.5,1.89,1.89,1.91,1.91,1.89,1.89,1.91,1.91,
12-May-19,15:20,Hawthorn,GWS Giants,MCG,71,38,,10,11,5,8, 2.32 , 1.61 ,9,2.25,2.20,2.80,2.30,1.65,1.44,1.68,1.65,6.5,6.5,15.5,6.5,-6.5,-15.5,-6.5,-6.5,1.91,1.91,1.91,1.91,1.91,1.91,1.91,1.91,173.5,170.5,173.5,170.5,1.89,1.91,1.89,1.91,1.89,1.91,1.89,1.91,
12-May-19,13:10,North Melbourne,Geelong,Marvel Stadium,80,104,,11,14,16,8, 3.72 , 1.27 ,9,4.60,3.25,4.60,4.00,1.20,1.20,1.35,1.27,26.5,20.5,26.5,24.5,-26.5,-26.5,-20.5,-24.5,1.91,1.91,1.91,1.91,1.91,1.91,1.91,1.91,169.5,168.5,171.5,171.5,1.89,1.89,1.91,1.91,1.89,1.89,1.91,1.91,
11-May-19,19:10,Port Adelaide,Adelaide,Adelaide Oval,68,88,,9,14,13,10, 2.27 , 1.62 ,9,2.10,2.02,2.35,2.25,1.75,1.60,1.80,1.68,4.5,2.5,7.5,7.5,-4.5,-7.5,-2.5,-7.5,1.91,1.91,1.91,1.91,1.91,1.91,1.91,1.91,162.5,162.5,163.5,162.5,1.89,1.89,1.89,1.91,1.89,1.89,1.89,1.91,
11-May-19,19:25,St Kilda,West Coast,Marvel Stadium,70,88,,10,10,12,16, 2.03 , 1.78 ,8,3.10,2.10,3.10,2.10,1.38,1.38,1.77,1.77,16.5,3.5,17.5,3.5,-16.5,-17.5,-3.5,-3.5,1.91,1.91,1.91,1.91,1.91,1.91,1.91,1.91,165.5,162.5,165.5,162.5,1.89,1.91,1.89,1.91,1.89,1.91,1.89,1.91,
11-May-19,16:35,Gold Coast,Melbourne,Metricon Stadium,60,61,,9,6,8,13, 3.00 , 1.38 ,9,3.25,2.80,3.25,3.10,1.35,1.35,1.44,1.40,19.5,15.5,20.5,18.5,-19.5,-20.5,-15.5,-18.5,1.91,1.91,1.91,1.91,1.91,1.91,1.91,1.91,161.5,160.5,161.5,160.5,1.89,1.89,1.89,1.91,1.89,1.89,1.89,1.91,
11-May-19,13:45,Carlton,Collingwood,MCG,87,106,,13,9,16,10, 6.56 , 1.11 ,9,5.75,5.75,8.50,7.25,1.14,1.07,1.14,1.11,36.5,36.5,46.5,37.5,-36.5,-46.5,-36.5,-37.5,1.91,1.91,1.91,1.91,1.91,1.91,1.91,1.91,165.5,163.5,165.5,164.5,1.89,1.89,1.89,1.91,1.89,1.89,1.89,1.91,
11-May-19,13:45,Western Bulldogs,Brisbane,Marvel Stadium,92,76,,13,14,11,10, 1.65 , 2.22 ,9,1.75,1.54,1.75,1.68,2.10,2.10,2.50,2.25,-4.5,-10.5,-4.5,-6.5,4.5,4.5,10.5,6.5,1.91,1.91,1.91,1.91,1.91,1.91,1.91,1.91,163.5,159.5,163.5,162.5,1.89,1.89,1.89,1.91,1.89,1.89,1.89,1.91,
10-May-19,19:50,Sydney,Essendon,SCG,77,72,,11,11,10,12, 2.70 , 1.46 ,9,2.30,2.30,2.75,2.75,1.62,1.45,1.62,1.48,7.5,7.5,13.5,13.5,-7.5,-13.5,-7.5,-13.5,1.91,1.91,1.91,1.91,1.91,1.91,1.91,1.91,163.5,159.5,165.5,163.5,1.89,1.91,1.89,1.91,1.89,1.91,1.89,1.91,
05-May-19,16:10,Adelaide,Fremantle,Adelaide Oval,51,34,,7,9,5,4, 1.32 , 3.38 ,9,1.36,1.30,1.38,1.35,3.20,3.10,3.60,3.35,-18.5,-21.5,-18.5,-21.5,18.5,18.5,21.5,21.5,1.91,1.91,1.91,1.91,1.91,1.91,1.91,1.91,163.5,163.5,167.5,167.5,1.89,1.89,1.91,1.91,1.89,1.89,1.91,1.91,
05-May-19,15:20,Geelong,Essendon,MCG,86,54,,13,8,7,12, 1.62 , 2.29 ,9,1.58,1.47,1.63,1.63,2.40,2.30,2.70,2.35,-8.5,-14.5,-7.5,-10.5,8.5,7.5,14.5,10.5,1.91,1.91,1.91,1.91,1.91,1.91,1.91,1.91,171.5,171.5,173.5,173.5,1.89,1.89,1.91,1.91,1.89,1.89,1.91,1.91,
05-May-19,13:10,Carlton,North Melbourne,Marvel Stadium,62,120,,8,14,18,12, 2.56 , 1.50 ,9,2.55,1.82,2.68,2.68,1.52,1.50,2.00,1.50,10.5,-2.5,14.5,14.5,-10.5,-14.5,2.5,-14.5,1.91,1.91,1.91,1.91,1.91,1.91,1.91,1.91,162.5,162.5,164.5,164.5,1.89,1.89,1.91,1.91,1.89,1.89,1.91,1.91,
04-May-19,18:10,West Coast,Gold Coast,Optus Stadium,80,57,,11,14,8,9, 1.06 , 9.05 ,9,1.04,1.03,1.08,1.07,11.00,8.50,12.00,10.00,-51.5,-54.5,-45.5,-45.5,51.5,45.5,54.5,45.5,1.91,1.91,1.91,1.91,1.91,1.91,1.91,1.91,153.5,150.5,156.5,156.5,1.89,1.89,1.91,1.91,1.89,1.89,1.91,1.91,
04-May-19,19:25,Western Bulldogs,Richmond,Marvel Stadium,99,52,,15,9,7,10, 2.85 , 1.42 ,9,3.85,2.80,4.20,2.85,1.27,1.23,1.47,1.45,22.5,14.5,26.5,14.5,-22.5,-26.5,-14.5,-14.5,1.91,1.91,1.91,1.91,1.91,1.91,1.91,1.91,162.5,162.5,164.5,164.5,1.89,1.89,1.91,1.91,1.89,1.89,1.91,1.91,
04-May-19,16:35,Brisbane,Sydney,Gabba,103,81,,14,19,12,9, 1.39 , 2.97 ,9,1.62,1.38,1.62,1.42,2.30,2.30,3.10,3.00,-7.5,-18.5,-7.5,-17.5,7.5,7.5,18.5,17.5,1.91,1.91,1.91,1.91,1.91,1.91,1.91,1.91,168.5,157.5,168.5,158.5,1.89,1.91,1.89,1.91,1.89,1.91,1.89,1.91,
04-May-19,13:45,GWS Giants,St Kilda,UNSW Canberra Oval,114,70,,18,6,10,10, 1.27 , 3.74 ,8,1.27,1.21,1.28,1.27,3.85,3.75,4.50,4.00,-23.5,-31.5,-23.5,-24.5,23.5,23.5,31.5,24.5,1.91,1.91,1.91,1.91,1.91,1.91,1.91,1.91,161.5,161.5,167.5,167.5,1.89,1.89,1.91,1.91,1.89,1.89,1.91,1.91,
04-May-19,13:45,Melbourne,Hawthorn,MCG,79,74,,11,13,11,8, 2.18 , 1.68 ,9,1.72,1.72,2.25,2.25,2.15,1.68,2.15,1.68,-4.5,-4.5,6.5,6.5,4.5,-6.5,4.5,-6.5,1.91,1.91,1.91,1.91,1.91,1.91,1.91,1.91,167.5,161.5,167.5,161.5,1.89,1.91,1.89,1.91,1.89,1.91,1.89,1.91,
03-May-19,19:50,Collingwood,Port Adelaide,Marvel Stadium,108,69,,15,18,10,9, 1.31 , 3.47 ,9,1.31,1.28,1.38,1.28,3.50,3.10,3.85,3.85,-21.5,-23.5,-17.5,-22.5,21.5,17.5,23.5,22.5,1.91,1.91,1.91,1.91,1.91,1.91,1.91,1.91,164.5,164.5,167.5,167.5,1.89,1.89,1.91,1.91,1.89,1.89,1.91,1.91,
28-Apr-19,16:40,Geelong,West Coast,GMHBA Stadium,104,46,,15,14,7,4, 1.31 , 3.40 ,9,1.62,1.30,1.62,1.30,2.30,2.30,3.70,3.70,-7.5,-23.5,-7.5,-23.5,7.5,7.5,23.5,23.5,1.91,1.91,1.91,1.91,1.91,1.91,1.91,1.91,165.5,160.5,165.5,161.5,1.89,1.89,1.89,1.91,1.89,1.89,1.89,1.91,
28-Apr-19,15:20,Hawthorn,Carlton,University of Tasmania Stadium,93,88,,13,15,13,10, 1.31 , 3.36 ,9,1.19,1.19,1.38,1.30,4.80,3.20,4.80,3.70,-30.5,-30.5,-18.5,-21.5,30.5,18.5,30.5,21.5,1.91,1.91,1.91,1.91,1.91,1.91,1.91,1.91,163.5,163.5,165.5,163.5,1.89,1.89,1.91,1.91,1.89,1.89,1.91,1.91,
27-Apr-19,18:10,Fremantle,Western Bulldogs,Optus Stadium,88,69,,13,10,9,15, 1.42 , 2.84 ,9,1.65,1.38,1.65,1.44,2.25,2.25,3.10,2.90,-6.5,-18.5,-6.5,-15.5,6.5,6.5,18.5,15.5,1.91,1.91,1.91,1.91,1.91,1.91,1.91,1.91,165.5,164.5,166.5,166.5,1.89,1.89,1.91,1.91,1.89,1.89,1.91,1.91,
27-Apr-19,19:25,Sydney,GWS Giants,SCG,79,120,,12,7,18,12, 2.97 , 1.39 ,9,2.55,2.25,3.20,3.20,1.52,1.38,1.65,1.38,11.5,8.5,18.5,18.5,-11.5,-18.5,-8.5,-18.5,1.91,1.91,1.91,1.91,1.91,1.91,1.91,1.91,164.5,161.5,164.5,161.5,1.89,1.91,1.89,1.91,1.89,1.91,1.89,1.91,
27-Apr-19,16:35,St Kilda,Adelaide,Marvel Stadium,68,97,,10,8,15,7, 1.80 , 2.01 ,8,2.35,1.80,2.35,1.80,1.60,1.60,2.05,2.05,8.5,-2.5,8.5,-2.5,-8.5,-8.5,2.5,2.5,1.91,1.91,1.91,1.91,1.91,1.91,1.91,1.91,168.5,168.5,169.5,168.5,1.89,1.89,1.91,1.91,1.89,1.89,1.91,1.91,
27-Apr-19,13:45,Gold Coast,Brisbane,Metricon Stadium,62,111,,9,8,16,15, 2.91 , 1.40 ,9,2.80,2.45,3.10,3.00,1.44,1.40,1.56,1.42,15.5,10.5,17.5,17.5,-15.5,-17.5,-10.5,-17.5,1.91,1.91,1.91,1.91,1.91,1.91,1.91,1.91,174.5,170.5,174.5,170.5,1.89,1.91,1.89,1.91,1.89,1.91,1.89,1.91,
26-Apr-19,19:20,Port Adelaide,North Melbourne,Adelaide Oval,88,72,,12,16,11,6, 1.25 , 3.99 ,9,1.50,1.22,1.50,1.24,2.60,2.60,4.50,4.25,-12.5,-27.5,-12.5,-26.5,12.5,12.5,27.5,26.5,1.91,1.91,1.91,1.91,1.91,1.91,1.91,1.91,173.5,169.5,173.5,169.5,1.89,1.91,1.89,1.91,1.89,1.91,1.89,1.91,
25-Apr-19,15:20,Essendon,Collingwood,MCG,69,73,,10,9,10,13, 2.53 , 1.52 ,9,2.75,2.30,2.75,2.62,1.45,1.45,1.63,1.52,14.5,8.5,14.5,12.5,-14.5,-14.5,-8.5,-12.5,1.91,1.91,1.91,1.91,1.91,1.91,1.91,1.91,168.5,168.5,176.5,175.5,1.89,1.89,1.91,1.91,1.89,1.89,1.91,1.91,
24-Apr-19,19:35,Richmond,Melbourne,MCG,85,42,,12,13,6,6, 1.48 , 2.64 ,8,1.72,1.38,1.72,1.50,2.15,2.15,3.10,2.68,-4.5,-16.5,-4.5,-13.5,4.5,4.5,16.5,13.5,1.91,1.82,1.91,1.91,1.91,1.91,2.00,1.91,166.5,166.5,173.5,173.5,1.89,1.89,1.91,1.91,1.89,1.89,1.91,1.91,
22-Apr-19,15:20,Hawthorn,Geelong,MCG,90,113,,13,12,17,11, 2.65 , 1.48 ,9,2.55,2.40,2.90,2.68,1.52,1.42,1.58,1.50,11.5,9.5,15.5,12.5,-11.5,-15.5,-9.5,-12.5,1.90,1.91,1.91,1.91,1.90,1.91,1.91,1.91,166.5,162.5,166.5,163.5,1.89,1.89,1.89,1.91,1.89,1.89,1.89,1.91,
21-Apr-19,16:10,Adelaide,Gold Coast,Adelaide Oval,119,46,,18,11,6,10, 1.18 , 4.82 ,9,1.09,1.09,1.21,1.19,7.50,4.50,7.50,5.00,-40.5,-40.5,-27.5,-34.5,40.5,27.5,40.5,34.5,1.90,1.90,1.91,1.91,1.90,1.91,1.91,1.91,143.5,143.5,159.5,159.5,1.89,1.89,1.91,1.91,1.89,1.89,1.91,1.91,
21-Apr-19,13:10,Western Bulldogs,Carlton,Marvel Stadium,57,101,,7,15,15,11, 1.36 , 3.14 ,9,1.38,1.38,1.42,1.38,3.10,3.00,3.20,3.20,-17.5,-19.5,-16.5,-19.5,17.5,16.5,19.5,19.5,1.90,1.91,1.91,1.91,1.90,1.91,1.91,1.91,155.5,155.5,160.5,160.5,1.89,1.89,1.91,1.91,1.89,1.89,1.91,1.91,
20-Apr-19,19:25,Richmond,Sydney,Marvel Stadium,89,67,,13,11,10,7, 1.45 , 2.75 ,9,1.82,1.42,1.82,1.48,2.00,2.00,2.90,2.75,-2.5,-16.5,-2.5,-13.5,2.5,2.5,16.5,13.5,1.91,1.91,1.91,1.91,1.91,1.91,1.91,1.91,165.5,165.5,169.5,169.5,1.89,1.89,1.91,1.91,1.89,1.89,1.91,1.91,
20-Apr-19,16:35,Melbourne,St Kilda,MCG,55,95,,7,13,15,5, 1.42 , 2.88 ,8,1.23,1.23,1.45,1.45,4.20,2.80,4.20,2.85,-25.5,-25.5,-15.5,-15.5,25.5,15.5,25.5,15.5,1.90,1.90,1.91,1.91,1.90,1.91,1.91,1.91,164.5,164.5,173.5,173.5,1.89,1.89,1.91,1.91,1.89,1.89,1.91,1.91,
20-Apr-19,13:45,GWS Giants,Fremantle,UNSW Canberra Oval,82,106,,11,16,16,10, 1.14 , 5.57 ,9,1.17,1.12,1.20,1.13,5.25,4.60,6.50,6.50,-30.5,-37.5,-30.5,-35.5,30.5,30.5,37.5,35.5,1.90,1.91,1.91,1.91,1.90,1.90,1.91,1.91,154.5,154.5,163.5,163.5,1.89,1.89,1.91,1.91,1.89,1.89,1.91,1.91,
19-Apr-19,18:10,West Coast,Port Adelaide,Optus Stadium,53,95,,8,5,13,17, 1.25 , 3.89 ,9,1.20,1.20,1.30,1.30,4.60,3.70,4.60,3.70,-29.5,-30.5,-22.5,-22.5,29.5,22.5,30.5,22.5,1.90,1.91,1.91,1.91,1.90,1.91,1.91,1.91,150.5,146.5,155.5,147.5,1.89,1.91,1.89,1.91,1.89,1.91,1.89,1.91,
19-Apr-19,16:20,North Melbourne,Essendon,Marvel Stadium,58,116,,7,16,17,14, 2.19 , 1.67 ,9,2.35,2.15,2.55,2.22,1.60,1.52,1.72,1.70,8.5,5.5,11.5,5.5,-8.5,-11.5,-5.5,-5.5,1.90,1.91,1.91,1.91,1.90,1.91,1.91,1.91,172.5,172.5,179.5,179.5,1.89,1.89,1.91,1.91,1.89,1.89,1.91,1.91,
18-Apr-19,19:35,Brisbane,Collingwood,Gabba,61,123,,8,13,18,15, 2.25 , 1.64 ,9,2.40,2.25,2.45,2.25,1.58,1.56,1.68,1.68,9.5,7.5,10.5,7.5,-9.5,-10.5,-7.5,-7.5,1.90,1.91,1.91,1.91,1.90,1.91,1.91,1.91,162.5,162.5,173.5,173.5,1.89,1.89,1.91,1.91,1.89,1.89,1.91,1.91,
14-Apr-19,15:20,St Kilda,Hawthorn,Marvel Stadium,74,69,,10,14,10,9, 2.64 , 1.47 ,8,3.25,2.62,3.25,2.62,1.35,1.35,1.52,1.52,19.5,12.5,19.5,12.5,-19.5,-19.5,-12.5,-12.5,1.90,1.91,1.90,1.91,1.90,1.90,1.91,1.91,169.5,169.5,170.5,170.5,1.89,1.89,1.91,1.91,1.89,1.89,1.91,1.91,
14-Apr-19,14:40,Gold Coast,Carlton,Metricon Stadium,59,57,,8,11,8,9, 1.71 , 2.13 ,9,1.85,1.56,2.05,1.70,1.97,1.78,2.45,2.22,-1.5,-10.5,3.5,-5.5,1.5,-3.5,10.5,5.5,1.90,1.91,1.90,1.91,1.90,1.90,1.91,1.91,158.5,158.5,161.5,160.5,1.89,1.89,1.89,1.91,1.89,1.89,1.89,1.91,
13-Apr-19,18:10,West Coast,Fremantle,Optus Stadium,69,56,,10,9,7,14, 1.12 , 6.03 ,9,1.31,1.12,1.31,1.12,3.50,3.50,6.75,6.75,-23.5,-38.5,-23.5,-38.5,23.5,23.5,38.5,38.5,1.90,1.91,1.90,1.91,1.90,1.90,1.91,1.91,158.5,158.5,164.5,164.5,1.89,1.89,1.91,1.91,1.89,1.89,1.91,1.91,
13-Apr-19,19:25,North Melbourne,Adelaide,Marvel Stadium,71,59,,9,17,8,11, 1.84 , 1.95 ,9,2.35,1.83,2.45,1.83,1.60,1.56,2.02,2.02,8.5,-2.5,9.5,-2.5,-8.5,-9.5,2.5,2.5,1.90,1.91,1.90,1.91,1.90,1.90,1.91,1.91,181.5,181.5,181.5,181.5,1.89,1.89,1.91,1.91,1.89,1.89,1.91,1.91,
13-Apr-19,16:05,Port Adelaide,Richmond,Adelaide Oval,92,99,,14,8,15,9, 1.29 , 3.60 ,9,1.91,1.28,1.91,1.28,1.91,1.91,3.85,3.85,1.5,-25.5,1.5,-24.5,-1.5,-1.5,25.5,24.5,1.87,1.91,1.87,1.91,1.95,1.95,1.91,1.91,167.5,167.5,169.5,168.5,1.89,1.89,1.91,1.91,1.89,1.89,1.91,1.91,
13-Apr-19,14:10,Essendon,Brisbane,MCG,112,65,,17,10,9,11, 1.75 , 2.07 ,9,1.75,1.70,1.91,1.72,2.10,1.91,2.18,2.18,-3.5,-6.5,-1.5,-5.5,3.5,1.5,6.5,5.5,1.93,1.93,1.95,1.91,1.89,1.87,1.89,1.91,186.5,185.5,187.5,185.5,1.87,1.91,1.89,1.91,1.91,1.91,1.89,1.91,
13-Apr-19,13:45,Geelong,GWS Giants,GMHBA Stadium,75,79,,11,9,11,13, 1.43 , 2.79 ,9,1.35,1.33,1.45,1.45,3.25,2.80,3.35,2.85,-18.5,-20.5,-15.5,-15.5,18.5,15.5,20.5,15.5,1.90,1.90,1.91,1.91,1.90,1.90,1.90,1.91,163.5,163.5,168.5,168.5,1.89,1.89,1.91,1.91,1.89,1.89,1.91,1.91,
12-Apr-19,19:50,Collingwood,Western Bulldogs,MCG,78,64,,11,12,9,10, 1.28 , 3.68 ,9,1.21,1.18,1.30,1.30,4.50,3.70,5.00,3.70,-27.5,-32.5,-22.5,-22.5,27.5,22.5,32.5,22.5,1.90,1.90,1.91,1.91,1.90,1.91,1.91,1.91,168.5,168.5,172.5,171.5,1.89,1.89,1.91,1.91,1.89,1.89,1.91,1.91,
11-Apr-19,19:20,Sydney,Melbourne,SCG,78,100,,11,12,15,10, 1.71 , 2.13 ,9,1.91,1.65,1.91,1.77,1.91,1.91,2.25,2.10,-1.5,-6.5,-1.5,-3.5,1.5,1.5,6.5,3.5,1.95,1.91,1.95,1.91,1.87,1.87,1.91,1.91,165.5,165.5,165.5,165.5,1.89,1.89,1.91,1.91,1.89,1.89,1.91,1.91,
07-Apr-19,15:20,Fremantle,St Kilda,Optus Stadium,71,66,,11,5,9,12, 1.37 , 3.10 ,8,1.23,1.23,1.44,1.40,4.20,2.80,4.20,3.10,-27.5,-27.5,-14.5,-17.5,27.5,14.5,27.5,17.5,1.90,1.90,1.91,1.91,1.90,1.91,1.91,1.91,165.5,165.5,168.5,168.5,1.89,1.89,1.91,1.91,1.89,1.89,1.91,1.91,
07-Apr-19,15:20,Hawthorn,North Melbourne,MCG,87,71,,13,9,10,11, 1.51 , 2.57 ,9,1.44,1.44,1.56,1.56,2.80,2.50,2.85,2.50,-14.5,-16.5,-11.5,-11.5,14.5,11.5,16.5,11.5,1.90,1.91,1.91,1.91,1.90,1.91,1.91,1.91,177.5,177.5,180.5,180.5,1.89,1.89,1.91,1.91,1.89,1.89,1.91,1.91,
07-Apr-19,14:20,Western Bulldogs,Gold Coast,Marvel Stadium,68,73,,9,14,10,13, 1.19 , 4.75 ,9,1.13,1.13,1.20,1.19,6.00,4.60,6.00,5.00,-37.5,-37.5,-30.5,-31.5,37.5,30.5,37.5,31.5,1.90,1.90,1.91,1.91,1.90,1.91,1.91,1.91,168.5,168.5,170.5,170.5,1.89,1.89,1.91,1.91,1.89,1.89,1.91,1.91,
06-Apr-19,18:25,Brisbane,Port Adelaide,Gabba,107,90,,16,11,13,12, 1.60 , 2.33 ,9,1.82,1.60,1.82,1.60,2.00,2.00,2.40,2.40,-2.5,-9.5,-2.5,-8.5,2.5,2.5,9.5,8.5,1.90,1.91,1.91,1.91,1.90,1.90,1.91,1.91,173.5,173.5,178.5,178.5,1.89,1.89,1.91,1.91,1.89,1.89,1.91,1.91,
06-Apr-19,19:25,Collingwood,West Coast,MCG,76,98,,11,10,15,8, 1.38 , 3.05 ,9,1.50,1.36,1.50,1.36,2.60,2.60,3.30,3.30,-12.5,-19.5,-12.5,-19.5,12.5,12.5,19.5,19.5,1.90,1.91,1.90,1.91,1.90,1.90,1.91,1.91,166.5,164.5,166.5,165.5,1.89,1.89,1.89,1.91,1.89,1.89,1.89,1.91,
06-Apr-19,16:35,GWS Giants,Richmond,Giants Stadium,125,76,,19,11,10,16, 1.53 , 2.54 ,9,2.00,1.50,2.00,1.50,1.82,1.82,2.68,2.68,2.5,-13.5,2.5,-13.5,-2.5,-2.5,13.5,13.5,1.90,1.91,1.90,1.91,1.90,1.90,1.91,1.91,164.5,162.5,166.5,166.5,1.89,1.89,1.91,1.91,1.89,1.89,1.91,1.91,
06-Apr-19,13:45,Carlton,Sydney,Marvel Stadium,74,93,,10,14,14,9, 2.73 , 1.46 ,9,3.85,2.50,3.85,2.80,1.27,1.27,1.56,1.47,23.5,10.5,23.5,14.5,-23.5,-23.5,-10.5,-14.5,1.90,1.91,1.91,1.91,1.90,1.90,1.91,1.91,166.5,165.5,167.5,165.5,1.89,1.91,1.91,1.91,1.89,1.91,1.91,1.91,
05-Apr-19,19:50,Melbourne,Essendon,MCG,112,130,,18,4,20,10, 1.45 , 2.78 ,9,1.44,1.40,1.52,1.47,2.80,2.60,3.00,2.80,-14.5,-16.5,-12.5,-15.5,14.5,12.5,16.5,15.5,1.90,1.91,1.91,1.91,1.90,1.91,1.91,1.91,171.5,169.5,171.5,170.5,1.89,1.89,1.89,1.91,1.89,1.89,1.89,1.91,
04-Apr-19,19:20,Adelaide,Geelong,Adelaide Oval,75,99,,10,15,14,15, 2.04 , 1.78 ,8,1.54,1.52,2.10,2.10,2.50,1.77,2.55,1.77,-10.5,-11.5,3.5,3.5,10.5,-3.5,11.5,-3.5,1.90,1.91,1.91,1.91,1.90,1.91,1.91,1.91,169.5,166.5,169.5,169.5,1.89,1.89,1.91,1.91,1.89,1.89,1.91,1.91,
31-Mar-19,15:40,Gold Coast,Fremantle,Metricon Stadium,61,58,,7,19,8,10, 3.02 , 1.39 ,9,4.20,3.00,4.20,3.10,1.23,1.23,1.42,1.40,26.5,17.5,26.5,17.5,-26.5,-26.5,-17.5,-17.5,1.90,1.91,1.90,1.91,1.90,1.90,1.91,1.91,176.5,172.5,178.5,172.5,1.91,1.91,1.91,1.91,1.91,1.91,1.91,1.91,
31-Mar-19,15:20,Hawthorn,Western Bulldogs,MCG,87,106,,13,9,16,10, 1.40 , 2.96 ,9,1.44,1.36,1.44,1.40,2.80,2.80,3.20,3.10,-17.5,-19.5,-16.5,-19.5,17.5,16.5,19.5,19.5,1.90,1.91,1.91,1.91,1.90,1.91,1.91,1.91,176.5,168.5,176.5,168.5,1.91,1.91,1.91,1.91,1.91,1.91,1.91,1.91,
31-Mar-19,13:10,North Melbourne,Brisbane,Marvel Stadium,87,107,,13,9,16,11, 1.81 , 2.00 ,9,1.82,1.82,1.91,1.85,2.00,1.91,2.00,2.00,-2.5,-2.5,-1.5,-2.5,2.5,1.5,2.5,2.5,1.90,1.90,1.97,1.91,1.90,1.85,1.91,1.91,188.5,185.5,188.5,185.5,1.91,1.91,1.91,1.91,1.91,1.91,1.91,1.91,
30-Mar-19,17:10,West Coast,GWS Giants,Optus Stadium,104,52,,16,8,7,10, 1.48 , 2.68 ,9,1.42,1.38,1.48,1.45,2.90,2.65,3.10,2.85,-15.5,-18.5,-12.5,-14.5,15.5,12.5,18.5,14.5,1.90,1.93,1.93,1.91,1.90,1.89,1.89,1.91,173.5,164.5,173.5,164.5,1.91,1.91,1.91,1.91,1.91,1.91,1.91,1.91,
30-Mar-19,19:25,Geelong,Melbourne,GMHBA Stadium,126,46,,20,6,6,10, 1.57 , 2.41 ,9,1.56,1.52,1.60,1.58,2.45,2.35,2.55,2.45,-9.5,-11.5,-9.5,-10.5,9.5,9.5,11.5,10.5,1.90,1.90,1.91,1.91,1.90,1.90,1.90,1.91,172.5,160.5,172.5,160.5,1.91,1.91,1.91,1.91,1.91,1.91,1.91,1.91,
30-Mar-19,16:40,Port Adelaide,Carlton,Adelaide Oval,88,72,,13,10,11,6, 1.18 , 4.96 ,9,1.22,1.15,1.22,1.16,4.35,4.35,5.60,5.60,-29.5,-34.5,-29.5,-33.5,29.5,29.5,34.5,33.5,1.90,1.90,1.90,1.91,1.90,1.90,1.90,1.91,171.5,168.5,171.5,169.5,1.91,1.89,1.91,1.91,1.91,1.89,1.91,1.91,
30-Mar-19,16:35,Essendon,St Kilda,Marvel Stadium,65,76,,9,11,10,16, 1.36 , 3.21 ,8,1.28,1.28,1.38,1.38,3.75,3.20,3.75,3.20,-22.5,-22.5,-19.5,-19.5,22.5,19.5,22.5,19.5,1.90,1.90,1.91,1.91,1.90,1.91,1.90,1.91,179.5,177.5,179.5,177.5,1.91,1.91,1.91,1.91,1.91,1.91,1.91,1.91,
29-Mar-19,19:50,Sydney,Adelaide,SCG,62,88,,8,14,12,16, 1.77 , 2.05 ,8,1.75,1.72,1.80,1.80,2.10,2.05,2.15,2.05,-5.5,-5.5,-2.5,-2.5,5.5,2.5,5.5,2.5,1.90,1.90,1.91,1.91,1.90,1.90,1.90,1.91,166.5,162.5,166.5,163.5,1.91,1.91,1.91,1.91,1.91,1.91,1.91,1.91,
28-Mar-19,19:20,Richmond,Collingwood,MCG,66,110,,10,6,17,8, 1.90 , 1.91 ,8,1.80,1.80,2.05,1.95,2.02,1.80,2.02,1.90,-2.5,-2.5,2.5,1.5,2.5,-2.5,2.5,-1.5,1.91,1.91,1.91,1.87,1.91,1.91,1.91,1.95,174.5,172.5,174.5,172.5,1.91,1.89,1.91,1.91,1.91,1.87,1.91,1.91,
24-Mar-19,15:20,Fremantle,North Melbourne,Optus Stadium,141,59,,21,15,9,5, 2.08 , 1.75 ,10,1.82,,,2.15,2.00,,,1.75,-2.5,,,4.5,2.5,,,-4.5,1.90,,,1.91,1.90,,,1.91,,,,176.5,,,,1.91,,,,1.91,Data collection issue with bet365
24-Mar-19,15:20,GWS Giants,Essendon,Giants Stadium,112,40,,16,16,5,10, 1.77 , 2.07 ,10,1.72,,,1.80,2.15,,,2.05,-5.5,,,-2.5,5.5,,,2.5,1.90,,,1.91,1.90,,,1.91,,,,180.5,,,,1.91,,,,1.91,Data collection issue with bet365
24-Mar-19,13:10,St Kilda,Gold Coast,Marvel Stadium,85,84,,13,7,13,6, 1.23 , 4.15 ,9,1.20,,,1.25,4.60,,,4.15,-29.5,,,-27.5,29.5,,,27.5,1.90,,,1.91,1.90,,,1.91,,,,179.5,,,,1.91,,,,1.91,Data collection issue with bet365
23-Mar-19,19:20,Brisbane,West Coast,Gabba,102,58,,15,12,8,10, 2.09 , 1.74 ,10,2.75,,,2.18,1.45,,,1.72,14.5,,,6.5,-14.5,,,-6.5,1.90,,,1.91,1.90,,,1.91,,,,186.5,,,,1.91,,,,1.91,Data collection issue with bet365
23-Mar-19,19:25,Western Bulldogs,Sydney,Marvel Stadium,82,65,,11,16,9,11, 2.52 , 1.52 ,10,2.25,,,2.50,1.65,,,1.56,7.5,,,10.5,-7.5,,,-10.5,1.90,,,1.91,1.90,,,1.91,,,,175.5,,,,1.91,,,,1.91,Data collection issue with bet365
23-Mar-19,16:05,Adelaide,Hawthorn,Adelaide Oval,55,87,,7,13,12,15, 1.29 , 3.64 ,10,1.60,,,1.28,2.35,,,3.85,-9.5,,,-22.5,9.5,,,22.5,1.90,,,1.91,1.90,,,1.91,,,,185.5,,,,1.91,,,,1.91,Data collection issue with bet365
23-Mar-19,13:45,Melbourne,Port Adelaide,MCG,61,87,,9,7,12,15, 1.19 , 4.76 ,10,1.36,,,1.20,3.20,,,4.80,-18.5,,,-32.5,18.5,,,32.5,1.90,,,1.91,1.90,,,1.91,,,,181.5,,,,1.91,,,,1.91,Data collection issue with bet365
22-Mar-19,19:50,Collingwood,Geelong,MCG,65,72,,9,11,10,12, 1.55 , 2.48 ,10,1.58,,,1.50,2.40,,,2.68,-9.5,,,-12.5,9.5,,,12.5,1.90,,,1.91,1.90,,,1.91,,,,181.5,,,,1.91,,,,1.91,Data collection issue with bet365
21-Mar-19,19:20,Carlton,Richmond,MCG,64,97,,9,10,14,13, 6.46 , 1.11 ,9,6.50,,,7.25,1.11,,,1.11,38.5,,,39.5,-38.5,,,-39.5,1.90,,,1.91,1.90,,,1.91,,,,188.5,,,,1.91,,,,1.91,Data collection issue with bet365